Belate,Cerebo,Cadernal,Ferma
Tataba,Canema,Golamo,Leita
Baupi,Camena,Terrano,Cadernal
Banana,Dapeco,Saxofino,Golamo
Comba,Calelo,Criaço,Terrano
Bobelo,Cenaba,Redela,Saxofino
Bebeda,Dourada,Machada,Criaço
Betouro,Caraba,Festivo,Redela
Gaxiba,Cegeno,Transpa,Machada
Bicoça,Cirata,Filhota,Festivo
Rubita,Digano,Carioca,Transpa
Belibo,Calipo,Escolano,Filhota
Biço,Cubile,Ternal,Carioca
Picada,Cifroa,Futesa,Escolano
Nola,Copico,Camanjo,Ternal
Boboca,Colena,Exerta,Futesa
Rotaba,Commuda,Faminto,Camanjo
Bodela,Couroba,Comidaço,Exerta
Necabo,Coupe,Cartamo,Faminto
Burilo,Cuipó,Jamelo,Comidaço
Racubo,Cumalo,Almara,Cartamo
Fubalo,Cupado,Lesnaga,Jamelo
Lalubo,Dudica,Garelho,Almara
Zinama,Gradel,Fesona,Lesnaga
Dadubo,Meola,Colenga,Garelho
Celapa,Acelo,Picamo,Fesona
Cantela,Gosmento,Dinhelo,Colenga
Caneto,Sexoto,Cidadão,Picamo
Damada,Ferma,Barfalo,Dinhelo
Didoba,Leita,Jaulare,Cidadão
Bebedo,Cadernal,Faretos,Barfalo
Decota,Golamo,Tessenho,Jaulare
Delota,Terrano,Drogela,Faretos
Demana,Saxofino,Jovenso,Tessenho
Diavel,Criaço,Selvaço,Drogela
Tatado,Rede,Torrosa,Jovenso
Viba,Machucado,Tabasco,Selvaço
Diabe,Festa,Chineto,Torrosa
Cocena,Transporte,Insedro,Tabasco
Nanato,Filho,Taxiglo,Chineto
Radona,Cárie,Gradel,Insedro
Sabaca,Escola,Meola,Taxiglo
Duzima,Terno,Acelo,Gradel
Ternal,Futebol,Gosmento,Meola
Futesa,Cama,Sexoto,Acelo
Camanjo,Exército,Ferma,Gosmento
Exerta,Família,Leita,Sexoto
Faminto,Comida,Cadernal,Ferma
Comidaço,Belate,Golamo,Leita
Cartamo,Tataba,Terrano,Cadernal
Jamelo,Baupi,Saxofino,Golamo
Almara,Banana,Criança,Terrano
Lesnaga,Comba,Rede,Saxofino
Garelho,Bobelo,Machucado,Criança
Fesona,Bebeda,Festa,Rede
Colenga,Betouro,Transporte,Machucado
Picamo,Gaxiba,Filho,Festa
Dinhelo,Bicoça,Cárie,Transporte
Cidadão,Rubita,Escola,Filho
Barfalo,Belibo,Terno,Cárie
Jaulare,Biço,Futebol,Escola
Faretos,Picada,Cama,Terno
Tessenho,Nola,Exército,Futebol
Drogela,Boboca,Família,Cama
Jovenso,Rotaba,Comida,Exército
Selvaço,Bodela,Cerena,Família
Torrosa,Necabo,Canema,Comida
Tabasco,Burilo,Camena,
Chineto,Racubo,Dapeco,
Insedro,Fubalo,Calelo,
Taxiglo,Lalubo,Cenaba,
Gradel,Zinama,Dourada,
Meola,Dadubo,Caraba,
Acelo,Celapa,Cegeno,
Gosmento,Cantela,Cirata,
Sexoto,Caneto,Digano,
Ferma,Damada,Calipo,
Leita,Didoba,Cubile,
Cadernal,Bebedo,Cifroa,
Gola,Decota,Copico,
Terra,Delota,Colena,
Saxofino,Demana,Commuda,
Criança,Diavel,Couroba,
Rede,Tatado,Coupe,
Machucado,Viba,Cuipó,
Festa,Diabe,Cumalo,
Transporte,Cocena,Cupado,
Filho,Nanato,Dudica,
Cárie,Radona,Gradel,
Escola,Sabaca,Meola,
Terno,Duzima,Acelo,
Futebol,Ternal,Gosmento,
Cama,Futesa,Sexoto,
Exército,Camanjo,Ferma,
Família,Exerta,Leita,
Comida,Faminto,Cadernal,
Belate,Comidaço,Golamo,
Tataba,Cartamo,Terrano,
Baupi,Jamelo,Saxofino,
Banana,Almara,Criança,
Comba,Lesnaga,Rede,
Bobelo,Garelho,Machucado,
Bebeda,Fesona,Festa,
Betouro,Colenga,Transporte,
Gaxiba,Picamo,Filho,
Bicoça,Dinhelo,Cárie,
Rubita,Cidadão,Escola,
Belibo,Barfalo,Terno,
Biço,Jaulare,Futebol,
Picada,Faretos,Cama,
Nola,Tessenho,Exército,
Boboca,Drogela,Família,
Rotaba,Jovenso,Comida,
Bodela,Selvaço,,
Necabo,Torrosa,,
Burilo,Tabasco,,
Racubo,Chineto,,
Fubalo,Insedro,,
Lalubo,Taxiglo,,
Zinama,Gradel,,
Dadubo,Meola,,
Celapa,Acelo,,
Cantela,Gosmento,,
Caneto,Sexoto,,
Damada,Ferma,,
Didoba,Leita,,
Bebedo,Cadernal,,
Decota,Golamo,,
Delota,Terrano,,
Demana,Saxofino,,
Diavel,Criança,,
Tatado,Rede,,
Viba,Machucado,,
Diabe,Festa,,
Cocena,Transporte,,
Nanato,Filho,,
Radona,Cárie,,
Sabaca,Escola,,
Duzima,Terno,,
Ternal,Futebol,,
Futesa,Cama,,
Camanjo,Exército,,
Exerta,Família,,
Faminto,Comida,,